Générations,Scores des intelligences
0,288,288,282,-232,-356,-356,-361,-388,-388,-388,-388,-388,-388,-388,-388,-388,-388,-388,-388,-388,-388,-388,-388,-388,-388,-388,-388,-388,-388,-388
1,436,288,288,288,-232,-237,-356,-356,-361,-361,-361,-388,-388,-388,-388,-388,-388,-388,-388,-388,-388,-388,-388,-388,-388,-388,-388,-388,-388,-388
2,760,455,443,443,420,420,-232,-237,-237,-237,-249,-388,-388,-388,-388,-388,-388,-388,-388,-388,-388,-388,-388,-388,-388,-493,-493,-493,-493,-493
3,975,760,559,478,443,420,420,420,-216,-232,-237,-237,-249,-303,-303,-306,-388,-388,-388,-388,-388,-388,-388,-388,-388,-388,-388,-388,-388,-388
4,1294,957,927,927,927,872,826,481,443,443,423,420,420,420,420,420,420,-232,-232,-232,-237,-237,-243,-249,-287,-306,-388,-388,-388,-388
5,1294,927,902,876,858,826,715,688,487,461,443,443,443,443,443,443,420,420,420,420,420,420,420,420,420,405,-132,-209,-209,-227
6,1482,1314,1314,1314,1304,1211,1033,927,927,865,502,481,443,443,443,443,443,426,420,420,420,420,420,420,399,394,391,-116,-237,-303
7,1482,1317,1314,1314,1305,1292,1276,1177,1033,927,927,927,868,694,443,443,443,443,443,443,443,443,443,443,423,420,-249,-303,-306,-388
8,1794,1462,1320,1320,1320,1320,1317,1317,1287,1180,806,806,806,806,806,771,771,771,771,544,474,469,468,446,446,443,443,443,420,-303
9,1794,1706,1574,1380,1376,1320,1320,1320,1320,1320,1317,1295,1244,990,990,811,811,806,806,806,806,771,476,470,447,446,426,420,420,385
10,2202,1750,1306,1295,1284,1239,1235,1200,1200,1200,1200,1200,811,806,806,806,771,475,457,451,446,446,426,424,423,420,420,420,48,-312
11,2202,1368,1295,1287,1266,1200,1200,865,843,811,811,811,806,771,480,473,471,468,449,423,422,420,420,417,400,377,-290,-388,-396,-406
12,2277,1707,1643,1368,1306,1306,1306,1304,1295,1200,1200,1200,1200,1200,1200,1200,1200,1200,1200,1200,1112,811,811,811,778,501,451,420,391,377
13,2277,1798,1621,1527,1380,1365,1317,1274,1200,1200,1200,1200,1200,1200,1200,1200,817,811,811,806,806,806,806,771,479,409,402,376,-209,-396
14,2455,1750,1715,1368,1322,1300,1274,1272,1271,1200,1200,1200,1200,1200,1200,1200,823,811,806,771,481,473,468,438,426,-206,-209,-303,-309,-312
15,2455,1746,1616,1285,1271,1248,898,857,782,771,771,771,744,655,482,476,475,474,474,446,429,422,400,377,366,159,-209,-306,-390,-396
16,2777,1769,1687,1677,1629,1626,1616,1314,1300,1274,1248,1200,918,910,869,845,806,780,596,482,482,480,457,430,420,412,390,-90,-309,-322
17,2789,2274,2174,1735,1707,1687,1649,1639,1631,1334,1292,1274,1248,1200,990,500,500,478,477,474,473,451,446,445,420,420,420,419,339,-290
18,2880,2811,2290,1800,1740,1695,1650,1649,1361,1361,1322,1284,1284,1263,1248,913,834,809,771,655,482,476,455,449,442,434,420,420,407,-290
19,2880,2273,2128,1980,1735,1735,1696,1692,1650,1649,1531,1427,1361,1284,857,771,476,467,450,449,445,437,436,426,425,424,424,420,409,-285
20,2880,2222,1793,1769,1739,1714,1696,1683,1661,1512,1421,1330,1286,862,858,855,497,480,480,474,474,471,469,468,436,429,420,414,-100,-290
21,3513,3499,1795,1783,1779,1717,1707,1707,1661,1639,1629,1587,1528,1517,1497,1440,1371,1291,1248,986,501,496,479,459,443,424,401,374,-290,-312
22,3870,1976,1795,1786,1769,1735,1707,1685,1629,1445,1334,1295,1286,870,857,853,853,781,552,481,480,471,470,442,438,420,420,408,-290,-310
23,3877,2189,2113,1779,1753,1753,1714,1712,1700,1696,1616,1447,1292,1286,1038,1008,857,855,477,475,473,471,442,442,433,430,430,420,409,-295
24,3637,2259,1753,1751,1705,1695,1695,1683,1646,1632,1629,1560,1530,1525,1427,1388,1365,493,480,480,478,472,472,467,457,443,442,438,420,-290
25,3636,2234,1793,1671,1648,1633,1543,1349,1292,1250,924,898,794,481,478,476,471,449,449,442,442,442,441,438,436,420,419,382,-206,-493
26,3888,1769,1676,1663,1629,1532,1531,1495,1445,1336,1304,1304,1286,1035,936,742,520,495,481,479,476,469,462,438,428,420,420,419,419,385
27,3889,2170,1783,1754,1721,1707,1661,1629,1562,1395,1304,1284,1284,1284,1283,1035,966,858,480,480,474,472,469,468,456,420,387,345,-206,-206
28,3889,3094,2065,1790,1787,1758,1721,1691,1626,1306,1304,1304,1287,1284,1284,1284,1284,1282,474,473,473,473,442,439,426,424,420,-205,-206,-206
29,3888,2262,2244,2212,1798,1787,1754,1740,1715,1705,1651,1621,1617,1386,1304,1304,1284,1271,998,504,502,475,471,458,431,431,414,-206,-206,-312
30,3888,2149,2071,1728,1655,1651,1633,1615,1349,1322,1284,1284,898,479,478,476,442,430,425,424,411,400,390,347,296,-290,-309,-311,-312,-312
31,3636,1789,1734,1707,1677,1670,1649,1596,1564,1421,1387,1372,1304,1292,1284,1284,1284,1283,894,884,483,474,472,471,432,420,-70,-290,-309,-312
32,3637,3636,3635,2249,2086,2031,1695,1633,1568,1564,1564,1515,1514,1489,1427,1328,1284,1284,500,480,478,477,474,468,455,413,390,276,-290,-376
33,3637,2362,2260,1959,1812,1747,1728,1692,1649,1626,1489,1459,1426,1284,1284,781,494,473,466,461,438,426,420,420,409,362,-23,-290,-290,-324
34,3889,3636,1984,1806,1774,1723,1705,1651,1646,1629,1544,1458,1426,907,612,533,502,499,478,477,472,445,443,437,436,433,420,420,-206,-305
35,3889,3828,3062,2289,2278,2022,1683,1651,1629,1629,1416,1291,1266,1009,928,881,835,764,500,480,479,476,470,436,436,426,420,-208,-290,-290
36,3637,2166,2119,2019,1744,1677,1671,1651,1634,1626,1626,1330,1329,919,855,807,761,497,491,482,473,472,469,467,449,443,420,405,-290,-312
37,3782,3698,3637,3119,2277,2222,1798,1745,1744,1680,1671,1662,1639,1539,1330,1284,1284,1284,1284,1283,907,500,474,474,471,449,438,431,424,393
38,3782,2221,1763,1750,1731,1671,1665,1663,1634,1633,1500,1292,1285,1284,1284,1284,1284,982,803,703,487,475,467,442,425,423,420,409,406,-361
39,3782,3599,2228,2209,2192,2186,2069,2035,1942,1796,1749,1744,1707,1680,1677,1661,1651,1633,1627,1549,1455,1292,1276,1243,496,477,470,467,431,431
40,4213,3851,3818,3782,2229,2193,2121,2068,1724,1707,1677,1650,1628,1593,1521,1333,1284,1276,1235,846,499,497,496,496,483,454,442,-309,-311,-388
41,3814,2155,1744,1739,1721,1707,1689,1680,1677,1651,1651,1649,1538,1365,1291,1235,845,695,473,470,467,455,452,449,412,410,-206,-206,-309,-312
42,3814,2246,2020,1750,1735,1720,1700,1693,1682,1677,1663,1656,1651,1633,1616,1286,1286,499,497,496,489,478,477,453,431,407,26,-309,-309,-493
43,3814,1783,1783,1749,1740,1724,1723,1707,1703,1700,1680,1680,1680,1678,1513,1284,1284,1239,856,519,500,495,477,470,449,443,-295,-310,-312,-332
44,3814,2195,1783,1730,1721,1677,1659,1633,1581,1576,1569,1559,1519,1479,1404,1286,858,857,855,502,500,494,479,461,454,358,236,-277,-277,-376
45,3814,2034,1800,1723,1707,1706,1680,1680,1677,1657,1626,1564,1377,1351,1284,855,543,503,501,498,490,482,482,463,443,407,328,-312,-324,-361
46,3814,2272,1707,1677,1534,1520,1301,1292,1287,1243,855,602,547,536,504,500,494,494,470,457,443,442,420,331,-9,-290,-305,-305,-305,-309
47,3814,2154,1750,1735,1724,1721,1721,1712,1661,1649,1637,1576,1516,1308,1304,1284,1218,1045,764,575,501,501,500,500,482,443,420,-295,-309,-312
48,3814,2243,2192,1778,1757,1743,1714,1678,1633,1613,1437,1292,1216,1152,504,501,498,498,496,495,495,481,464,461,455,454,443,443,437,-179
49,3814,2267,2263,2166,1774,1751,1749,1730,1725,1714,1689,1629,1595,1381,958,909,504,492,487,474,460,433,431,431,429,339,-52,-206,-305,-313
50,4213,2797,2070,1800,1768,1763,1706,1705,1680,1636,1612,1595,1547,1414,1379,1291,1135,700,575,500,499,480,472,451,417,401,-305,-312,-318,-388
51,3814,1816,1735,1723,1714,1677,1668,1651,1576,1438,1437,1416,1383,1018,855,501,495,492,488,479,472,468,443,442,426,323,279,-154,-313,-321
52,3814,2192,1772,1762,1756,1735,1720,1707,1696,1573,1291,1285,1284,973,518,499,497,489,472,420,351,339,298,-206,-305,-305,-305,-317,-324,-327
53,3814,3780,1724,1707,1705,1700,1677,1677,1651,1539,1478,1373,1308,1306,935,501,500,490,470,468,463,457,456,419,406,-206,-305,-312,-312,-378
54,3814,2166,1763,1749,1744,1728,1707,1687,1673,1633,1606,1592,1322,500,499,498,498,498,476,445,427,414,155,-206,-216,-305,-311,-311,-312,-312
55,3814,3089,1758,1757,1728,1719,1715,1714,1677,1659,1629,1371,1365,1345,1322,1285,1284,1089,499,497,497,475,472,464,459,437,-5,-310,-312,-312
56,4077,3814,2251,2229,2222,2193,2147,1737,1728,1721,1714,1680,1677,1635,1633,1627,1579,1272,499,498,490,478,471,460,457,443,421,-206,-206,-312
57,4077,2212,1987,1750,1680,1651,1614,1515,1428,1407,1315,1286,513,499,498,496,488,488,486,484,468,463,457,455,455,454,443,-305,-312,-312
58,4077,2240,1725,1699,1671,1628,1626,1599,1465,1248,1156,1046,855,662,576,501,476,465,465,456,453,453,446,412,402,-205,-297,-310,-312,-324
59,3849,2240,2200,1721,1700,1684,1628,1493,1354,1338,1321,1286,1284,1243,1020,740,502,500,491,488,469,409,405,374,58,-215,-309,-310,-310,-312
60,4077,1734,1698,1671,1663,1642,1631,1338,1248,857,499,499,498,496,495,485,485,483,481,481,473,472,460,444,430,9,-206,-310,-310,-312
61,3849,2294,2237,2222,1739,1720,1719,1696,1678,1668,1395,1329,1329,1308,1303,1274,1272,1248,966,874,857,853,500,471,457,444,389,54,-7,-310
62,3849,3630,2178,2153,1636,1621,1534,1446,1380,1365,1329,1209,501,501,500,494,476,474,471,468,455,420,418,193,-205,-206,-295,-295,-312,-361
63,2246,1960,1940,1651,1645,1626,1335,1334,1329,1284,1284,1284,1017,1003,874,706,500,497,494,482,477,456,433,397,339,-87,-206,-310,-312,-312
64,4077,1664,1538,1329,1301,1286,1218,1099,1071,1040,966,835,497,496,496,493,483,471,471,463,457,456,454,446,431,430,413,377,336,-317
65,3849,1343,1329,1286,1285,1279,1254,1187,1063,850,503,497,495,479,476,473,472,470,470,456,445,442,417,391,319,-52,-295,-295,-312,-317
66,3849,1691,1671,1585,1383,1355,1345,1313,1286,1279,1226,872,835,499,498,497,489,488,475,474,471,469,438,436,395,-225,-269,-305,-317,-353
67,4077,1760,1750,1728,1671,1671,1626,1618,1614,1335,1335,1254,1193,870,497,492,488,480,480,477,473,467,444,415,407,404,321,-206,-293,-310
68,4077,2181,2082,1725,1690,1674,1423,1354,1171,1101,1084,857,835,828,505,495,486,481,443,442,420,267,-269,-290,-310,-311,-317,-324,-327,-369
69,4077,1767,1757,1750,1738,1661,1639,1629,1626,1626,1621,1606,1545,1349,1345,1335,1321,1299,858,674,657,500,498,491,462,456,456,409,-206,-312
70,4077,1693,1691,1689,1687,1680,1677,1663,1661,1639,1296,1295,789,739,498,495,489,479,477,465,462,452,448,428,409,406,340,276,-299,-332
71,4077,3123,2166,1735,1692,1689,1656,1656,1284,1284,1271,1218,502,501,501,498,495,495,492,490,479,454,430,417,-206,-295,-312,-339,-339,-348
72,3849,2229,2084,1753,1725,1714,1693,1689,1663,1661,1594,1321,1284,1264,502,493,472,464,456,454,442,431,423,396,336,-206,-206,-290,-312,-493
73,4077,1735,1728,1703,1670,1633,1626,1578,1566,1549,1532,1528,1437,1361,1301,1300,1284,1243,594,497,495,489,484,475,471,449,430,426,-285,-312
74,4077,1744,1714,1714,1685,1643,1606,1580,1580,1549,1512,1308,856,502,496,490,486,480,477,476,473,464,454,451,441,425,-160,-205,-205,-295
75,4077,1905,1742,1685,1671,1668,1661,1659,1626,1621,1610,1606,1591,867,856,503,500,498,490,474,473,470,469,420,420,411,404,-206,-255,-312
76,4077,3528,1757,1729,1691,1660,1605,1545,1365,1334,1322,1283,1272,1245,828,828,518,500,492,472,460,458,423,401,400,389,-208,-285,-313,-339
77,3849,3658,2108,1783,1753,1743,1720,1710,1706,1586,1456,1242,814,498,498,485,470,469,461,454,443,420,414,411,406,403,-65,-290,-332,-493
78,4077,1751,1721,1661,1659,1645,1635,1611,1301,1264,500,496,495,465,453,452,452,450,444,422,420,404,393,384,365,-205,-205,-205,-290,-295
79,4077,2113,1706,1693,1689,1670,1668,1634,1626,1488,1409,1344,857,855,691,618,496,492,463,457,450,428,419,371,-105,-290,-306,-310,-310,-493
80,4549,4077,2241,1714,1706,1706,1693,1670,1650,1629,1629,1628,1544,1322,1297,1292,1287,1286,1286,1284,1079,887,498,495,473,462,454,443,421,-312
81,3635,1905,1737,1726,1720,1713,1707,1676,1629,1527,1308,1266,855,510,497,493,488,481,480,476,454,433,390,353,-206,-290,-309,-310,-333,-344
82,3635,3635,1730,1707,1693,1690,1686,1685,1651,1643,1605,1322,1287,1284,1283,1209,855,484,477,472,461,442,442,431,-206,-290,-309,-312,-312,-312
83,2255,2246,2178,1827,1758,1758,1728,1716,1714,1707,1706,1616,1509,1422,1321,1308,1292,500,498,493,476,476,471,469,459,455,453,443,274,-311
84,2255,2234,2222,1758,1743,1714,1707,1693,1693,1668,1663,1661,1621,1321,1269,1003,880,843,495,489,481,480,469,463,453,452,431,426,377,-216
85,2255,1757,1745,1730,1714,1707,1689,1677,1651,1641,1625,1605,1601,1372,1355,1308,1292,849,502,493,467,457,443,420,419,-223,-309,-312,-322,-388
86,2255,1774,1773,1762,1735,1691,1691,1689,1677,1677,1656,1651,1649,1633,1616,1611,1322,934,505,498,465,462,454,421,419,411,401,395,367,-342
87,2265,2255,1762,1735,1735,1693,1689,1680,1663,1651,1651,1633,1621,1616,1611,1566,1560,916,597,478,477,467,458,442,428,420,420,410,222,-333
88,3120,2265,2187,1714,1714,1713,1695,1693,1689,1677,1655,1646,1580,1349,1321,638,529,524,503,492,482,460,459,450,448,416,-237,-312,-337,-388
89,3567,3167,3120,2255,2226,2187,1951,1714,1695,1657,1637,1321,502,497,482,478,475,472,468,459,447,436,428,424,401,399,53,-309,-310,-312
90,3567,2125,1768,1740,1735,1730,1721,1674,1643,1633,1607,1321,807,500,483,475,471,463,462,454,443,420,401,304,-206,-206,-295,-317,-333,-388
91,3872,3567,3156,2192,1769,1737,1735,1734,1721,1695,1626,1469,1418,1395,1322,499,497,485,473,457,432,416,406,-248,-266,-305,-309,-310,-317,-361
92,3870,3291,2777,2240,2017,1929,1756,1742,1728,1719,1649,1636,1603,1492,1400,1032,882,546,506,492,479,475,473,462,457,415,411,406,-312,-353
93,3597,3207,2250,2246,2222,2214,2206,1783,1783,1742,1721,1721,1715,1633,1621,1616,1575,1304,1257,1080,751,499,494,492,477,433,411,406,-295,-317
94,3892,3858,3597,3545,2255,2222,1768,1751,1737,1700,1693,1655,1365,1322,1292,1279,751,500,480,458,454,443,441,433,-213,-255,-309,-317,-324,-332
95,3892,3548,2222,2154,1737,1737,1714,1714,1674,1655,1651,1651,1611,1551,1304,855,843,835,550,481,475,454,432,416,411,407,-205,-310,-313,-317
96,3892,2223,2222,2192,1735,1707,1707,1707,1690,1621,1395,1283,784,613,500,498,497,484,469,462,453,448,431,425,419,412,411,-223,-318,-327
97,3853,3617,3326,2269,2230,2222,1774,1758,1737,1728,1714,1711,1707,1671,1663,1661,1599,1264,500,500,485,460,432,411,411,-219,-223,-290,-290,-317
98,3892,1743,1707,1680,1680,1626,1626,1621,1616,1601,1365,1355,1340,1287,500,484,478,478,463,461,459,457,421,420,401,-312,-317,-324,-332,-337
99,3892,2222,2019,1817,1814,1746,1743,1683,1650,1586,1513,1350,1321,1287,1286,565,506,495,478,478,476,473,466,460,455,422,421,420,385,44
100,3892,2868,2205,2196,2151,1814,1814,1731,1707,1628,1610,1470,1470,1286,1286,1284,1283,1272,1264,1235,480,479,473,451,443,426,422,408,-290,-295
101,3892,3596,2997,2873,2795,2258,2246,2019,1917,1812,1719,1551,1378,1365,1328,1321,1295,1291,1287,1284,1279,489,469,461,461,395,385,-205,-282,-388
102,4382,3114,3025,2237,2223,2200,2162,2115,1765,1758,1737,1735,1722,1700,1695,1639,1639,1626,1626,1286,778,768,500,497,436,431,282,-223,-312,-328
103,3892,3865,2261,2258,2221,2188,2060,1779,1767,1749,1742,1715,1705,1700,1671,1650,1649,1571,1430,1366,1296,1269,855,495,471,459,455,454,443,-317
104,5651,4382,3110,2888,2208,2042,1757,1749,1744,1713,1670,1650,1643,1643,1602,1402,498,496,495,495,494,491,490,484,477,455,431,-295,-312,-312
105,3638,3592,2661,2230,2226,2226,2222,2073,1784,1723,1719,1719,1707,1680,1667,1643,1626,1611,1603,1539,1284,500,490,486,396,269,-206,-295,-312,-390
106,3638,2260,2222,2207,2114,1789,1787,1765,1730,1689,1650,1643,1621,1545,1389,1379,1353,1283,1271,504,494,491,484,479,455,452,442,420,10,-223
107,3638,2829,2264,2264,2237,2215,2115,2009,1700,1689,1284,1250,495,487,471,470,463,463,462,446,428,347,-16,-223,-295,-295,-312,-312,-312,-332
108,4193,3638,2800,2237,1750,1664,1641,1626,1361,1308,872,773,498,493,493,492,478,477,474,472,448,442,439,427,421,412,370,321,-295,-332
109,4193,3200,2719,2154,1707,1659,1650,1627,1606,1301,1276,798,500,497,495,459,450,449,442,423,420,419,411,25,-293,-295,-313,-314,-314,-354
110,3618,2222,2206,2051,2030,1707,1693,1677,1662,1616,1599,1597,1365,1308,1303,1286,858,845,492,479,477,476,476,469,444,443,402,161,149,-396
111,2236,2019,1790,1735,1731,1674,1639,1395,1373,1308,1308,1295,1267,1220,1209,1046,828,822,499,482,471,463,446,444,436,420,-9,-311,-312,-317
112,3595,2254,2236,1772,1750,1736,1675,1650,1639,1365,1321,1315,1284,1274,1266,1243,1239,1033,500,497,493,493,492,485,472,454,446,19,-294,-310
113,3653,3595,2839,2254,1765,1544,1502,1437,1409,1373,1297,1266,1227,936,499,499,497,491,491,475,471,471,469,467,427,422,401,23,-295,-312
114,3653,3596,2164,1795,1707,1689,1673,1621,1550,1301,1234,501,501,497,496,493,483,473,466,461,454,448,448,442,-83,-275,-310,-311,-312,-312
115,4186,3653,3602,3589,2214,1997,1865,1861,1801,1751,1731,1689,1651,1643,1626,1626,1596,1580,1301,949,503,499,494,492,492,473,455,-88,-295,-312
116,5785,2769,2166,2138,2116,2115,1867,1762,1744,1742,1725,1714,1705,1685,1575,1338,936,849,501,500,497,494,487,471,459,314,-19,-206,-295,-295
117,3868,3860,3601,2808,2111,1979,1867,1758,1744,1730,1719,1714,1707,1698,1620,1598,1587,1301,1280,1278,882,742,501,475,431,400,-64,-299,-312,-318
118,4629,2777,2222,1757,1754,1751,1733,1707,1700,1677,1659,1598,1594,1426,1369,1355,1334,497,496,495,491,489,488,472,454,442,413,-206,-276,-295
119,4629,2244,2186,2105,1754,1743,1715,1661,1644,1639,1639,1629,1624,1576,1548,1379,1274,763,497,494,472,251,97,-206,-211,-295,-312,-312,-313,-337
120,3614,3558,2409,2229,2101,1758,1750,1682,1679,1676,1661,1639,1636,498,494,488,474,467,463,459,455,454,454,445,438,421,-205,-209,-293,-312
121,4342,2825,2246,2234,2215,2212,1987,1778,1743,1707,1678,1651,1650,1626,1577,1565,1296,1280,958,502,497,496,489,460,445,445,-294,-299,-313,-318
122,4342,3614,2273,2243,2100,2012,1751,1743,1695,1671,1663,1661,1643,1628,1616,1545,1303,1198,1093,562,492,485,460,455,450,446,443,406,-295,-309
123,4342,2868,2229,1969,1751,1649,1643,1628,1375,1365,1302,1292,509,501,499,497,497,490,477,473,463,459,457,454,443,423,-311,-311,-312,-388
124,2277,2250,2222,2185,1736,1707,1707,1671,1661,1661,1657,1619,1580,1355,1302,1283,1209,1121,503,494,493,471,458,442,386,-27,-202,-294,-312,-369
125,4363,2846,2222,2222,2222,1818,1677,1663,1645,1616,1580,1557,567,508,500,497,475,467,467,462,461,450,443,439,412,402,387,-295,-312,-360
126,4245,3618,3607,2226,1774,1764,1751,1713,1691,1680,1677,1645,1634,1629,1418,1322,1303,1303,1301,1018,501,497,497,456,455,447,420,-146,-310,-311
127,4363,2881,2192,2171,2171,1818,1801,1793,1774,1774,1743,1680,1651,1651,1643,1626,1384,516,500,475,471,459,454,444,442,420,420,-312,-388,-388
128,4363,4303,2265,2212,1774,1767,1754,1719,1707,1707,1707,1680,1651,1625,1538,1347,1315,1284,495,492,482,475,469,464,460,441,420,414,-290,-312
129,4245,3630,2226,2215,1793,1728,1702,1680,1629,1626,1626,1529,1301,502,501,499,481,475,475,475,471,470,463,427,420,409,-269,-290,-290,-317
130,4363,3852,3607,2212,1740,1728,1714,1707,1692,1689,1688,1651,1643,1643,1328,1301,1269,872,855,502,501,472,459,454,454,-290,-295,-310,-312,-324
131,4363,3638,3633,3112,2230,2222,2212,1728,1661,1643,1343,1308,1285,1243,498,495,494,488,485,471,453,447,443,431,420,420,416,343,-295,-388
132,4363,1865,1787,1734,1713,1680,1667,1343,1329,1301,1285,1264,1218,751,558,498,498,497,493,476,475,473,460,450,444,436,-290,-290,-310,-416
133,4363,2852,2289,2273,2258,1772,1754,1743,1743,1743,1734,1734,1734,1723,1693,1643,1628,1334,1286,1218,761,501,497,494,476,472,470,461,450,-295
134,4581,4363,3607,3142,2243,1750,1728,1707,1707,1700,1680,1670,1643,1578,1563,1334,1303,1285,862,500,497,494,493,471,470,454,429,423,415,349
135,4105,3651,3612,3180,2829,2829,2288,2255,2226,1806,1802,1772,1750,1725,1680,1651,1643,1629,1599,845,548,500,478,473,470,453,450,-145,-293,-295
136,4105,2853,2829,2200,2164,2138,1789,1715,1707,1671,1652,1648,1644,1643,1639,1603,1349,1301,1299,1284,496,495,494,493,474,471,470,459,411,-312
137,4248,4105,2273,2273,2243,2235,2226,2212,2206,1982,1787,1735,1734,1734,1700,1643,1629,867,855,845,487,484,480,475,458,454,449,427,-290,-337
138,4248,3200,2846,2258,2250,2243,2226,2200,1801,1801,1798,1794,1783,1643,1643,1627,1343,1284,1227,802,501,501,499,498,476,445,-206,-295,-295,-388
139,4248,2243,1798,1798,1794,1787,1784,1772,1757,1728,1695,1671,1651,1626,1626,1284,879,855,503,499,497,496,469,468,455,436,420,-312,-339,-388
140,4248,3877,3830,2837,1783,1767,1724,1651,1651,1643,1626,1257,913,541,503,496,474,471,470,470,470,459,454,442,420,418,415,-258,-311,-388
141,4248,3869,3642,3088,2259,2255,2239,1865,1783,1772,1719,1719,1629,1583,1284,879,500,487,480,479,478,475,475,470,453,445,445,415,411,-339
142,4248,3830,3601,2853,2757,2273,2265,2259,2238,2228,1801,1758,1740,1655,1301,498,491,483,453,444,443,431,420,408,-206,-290,-295,-295,-312,-312
143,4248,2847,2339,2200,2200,1734,1721,1719,1668,1643,1629,1626,1373,1284,877,738,485,474,473,471,471,467,436,422,354,16,-290,-293,-312,-312
144,4262,4248,2273,2200,1816,1728,1728,1689,1671,1661,1628,1614,1294,1283,1272,928,928,872,850,751,751,496,465,443,442,431,422,368,-354,-493
145,3613,2244,2030,1751,1737,1728,1728,1657,1651,1639,1629,1596,1334,1323,1286,959,879,835,490,473,470,424,420,419,407,243,35,-81,-206,-388
146,3751,3613,2234,1737,1728,1728,1719,1712,1680,1643,1637,1611,1557,1301,1295,1286,1286,1284,504,495,488,479,460,445,427,399,390,156,-312,-388
147,3825,3751,2234,2126,1983,1723,1723,1721,1707,1671,1671,1656,1639,1583,1308,939,503,502,500,499,476,467,464,462,456,296,-269,-295,-333,-388
148,4858,4083,3825,2269,2223,2099,1744,1725,1724,1713,1707,1707,1671,1671,1659,1651,1628,1358,1271,857,502,501,497,494,476,473,453,453,-310,-312
149,4858,2238,1724,1721,1713,1693,1689,1661,1651,1650,1649,1634,1561,1358,1292,1284,1284,1214,500,492,479,467,463,456,456,403,399,166,-310,-312
150,4858,2250,2243,2238,1733,1723,1691,1677,1659,1563,1506,1322,1308,968,785,502,483,464,464,455,443,424,420,411,334,-293,-306,-312,-312,-324
151,4858,2290,2207,1772,1758,1754,1728,1723,1715,1713,1680,1562,1557,1335,1322,1306,1292,1275,1271,491,490,482,477,454,447,399,381,-312,-322,-406
152,2243,2238,1817,1734,1734,1719,1714,1713,1707,1698,1685,1664,1629,1617,1315,1300,1285,1279,752,498,470,469,467,465,445,443,-312,-388,-388,-388
153,3830,2273,2243,2200,1743,1698,1693,1679,1634,1340,1322,1200,479,472,467,463,461,449,439,437,420,420,287,-283,-322,-327,-337,-360,-361,-388
154,3830,1968,1739,1735,1721,1698,1671,1661,1322,1306,1274,1209,1049,932,502,495,454,449,445,443,443,428,427,420,411,404,399,394,-339,-396
155,4511,3830,1719,1713,1685,1685,1667,1322,1257,1214,756,751,489,485,484,469,455,445,443,443,420,420,387,363,-312,-322,-327,-388,-418,-428
156,4511,1956,1802,1783,1599,1306,1286,1276,1274,1200,1200,751,498,497,492,491,486,485,484,484,470,464,453,449,443,437,437,404,-323,-388
157,4511,2269,2206,2179,1778,1735,1735,1691,1627,1343,1308,1306,1291,1264,857,843,756,496,492,489,489,486,486,454,452,433,412,-303,-318,-339
158,4511,3203,2230,2222,1982,1735,1730,1713,1698,1691,1595,1343,1304,1286,735,553,498,484,466,461,444,443,-305,-305,-305,-310,-318,-321,-332,-376
159,4511,3498,2243,2200,1743,1704,1691,1685,1680,1343,1336,1336,1306,1292,1226,806,803,751,497,495,492,466,420,406,-290,-297,-310,-374,-378,-416
160,4511,4344,3832,1713,1697,1655,1634,1633,1548,1343,1329,1306,1304,1286,1271,1266,1236,1216,557,496,461,460,447,443,420,405,393,-285,-388,-388
161,4511,1713,1707,1649,1391,1343,1343,1329,1306,1295,1227,1175,838,738,704,485,466,463,461,461,445,443,423,416,405,288,-205,-305,-382,-390
162,4511,2238,1979,1783,1692,1680,1561,1291,1286,1269,1222,804,490,482,474,473,473,461,460,451,449,420,405,398,393,225,-247,-285,-339,-390
163,4511,3593,2278,2242,2234,2027,1940,1778,1743,1723,1671,1671,1628,1456,1358,1343,1306,1286,1275,1257,1257,1141,751,505,484,461,458,443,408,401
164,4511,3850,2837,2205,2183,1973,1906,1767,1707,1691,1685,1651,1651,1633,1629,1315,1308,1264,1254,499,496,491,485,478,461,461,459,438,420,-318
165,4511,3630,3580,2837,2006,1902,1778,1767,1750,1742,1734,1671,1365,1341,1291,1210,491,489,482,460,443,429,420,420,420,420,406,34,-213,-321
166,4511,3580,2837,2770,2243,2098,1780,1740,1734,1724,1723,1668,1651,1639,1621,1601,1027,854,813,477,476,471,461,461,459,455,441,420,420,420
167,4511,3002,2234,2179,2098,1930,1778,1758,1723,1702,1671,1668,1633,1628,1545,1271,854,627,488,486,479,476,443,443,420,404,402,332,-305,-339
168,4511,2234,1801,1772,1746,1743,1721,1713,1677,1633,1628,1567,1328,1286,629,489,477,471,467,460,459,443,430,420,420,420,-12,-293,-308,-317
169,4511,2898,2234,2186,1746,1743,1743,1743,1737,1723,1628,1625,1576,1200,510,499,494,472,468,457,456,454,443,423,420,406,394,-250,-310,-317
170,4511,4490,2236,2206,2137,2084,1758,1743,1734,1626,495,492,492,484,484,479,478,475,474,468,453,452,443,420,390,277,-40,-305,-354,-388
171,4511,2094,1798,1783,1743,1728,1723,1723,1509,1423,1283,1142,854,847,701,488,483,480,472,461,461,461,461,455,420,420,420,-290,-290,-290
172,4511,1789,1765,1743,1743,1723,1723,1723,1379,1272,1220,490,480,479,476,470,469,460,460,444,443,436,420,408,399,-290,-290,-293,-310,-310
173,4511,4101,2234,2139,1755,1723,1721,1714,1700,1700,1693,1669,1649,1611,1393,1268,828,723,479,477,469,469,454,425,420,420,409,407,-296,-305
174,4511,2269,2017,1778,1754,1750,1743,1715,1707,1706,1693,1659,1651,1643,848,496,495,494,480,469,466,453,447,443,443,443,431,420,420,-388
175,4511,3557,2249,2222,2134,2122,1761,1745,1740,1734,1714,1701,1635,1373,910,794,484,484,449,447,430,420,420,418,399,307,-305,-305,-310,-324
176,4511,2234,2226,2183,1802,1778,1735,1728,1706,1685,1633,1626,1527,1274,1151,499,489,483,479,471,469,445,443,420,420,391,239,-205,-257,-290
177,4511,2786,2249,2238,2238,1995,1968,1778,1743,1739,1659,1599,1588,1521,1286,813,513,500,498,485,484,477,455,446,421,420,397,348,-290,-293
178,4511,3632,2255,2249,2234,2234,2234,2207,2192,2048,2022,1949,1754,1712,1691,1685,1678,1651,1545,1538,479,467,449,448,420,415,408,280,-305,-321
179,4511,3176,2274,2256,2234,2151,2049,1754,1749,1734,1695,1691,1650,1611,1292,1286,840,499,490,489,489,462,459,455,420,420,420,420,387,-273
180,4511,2229,2222,2115,2011,1723,1714,1685,1651,1306,1306,1271,1269,846,771,575,504,501,496,492,483,471,467,440,358,247,-305,-317,-321,-337
181,4511,2238,1734,1728,1723,1700,1640,1628,1611,1322,1246,1243,841,716,485,483,480,479,465,452,451,438,397,298,138,81,-305,-305,-321,-388
182,4511,2171,2150,1794,1617,1611,1611,1595,1328,1295,1274,501,500,490,486,483,467,467,461,448,443,414,387,139,137,127,-40,-305,-305,-305
183,4511,2206,1772,1743,1735,1627,1619,1300,1235,501,501,487,484,482,475,463,460,449,444,432,416,401,394,389,312,14,-305,-305,-309,-313
184,4511,1790,1733,1715,1691,1651,1621,1541,855,851,761,501,501,497,496,486,486,480,476,468,466,464,464,443,420,420,405,-295,-314,-337
185,4511,2861,2757,1778,1734,1691,1284,1266,1257,811,715,568,483,482,472,468,454,453,436,427,420,389,387,354,-89,-305,-311,-312,-318,-388
186,4511,2236,2177,1739,1682,1677,1663,1639,1566,1328,1284,1283,761,498,487,484,472,470,465,454,451,445,442,427,420,340,274,-245,-360,-406
187,4511,1793,1728,1714,1661,1264,1250,969,862,821,496,487,486,482,479,472,467,462,457,449,443,433,423,420,420,420,420,418,408,-353
188,4511,1938,1734,1728,1714,1693,1677,1616,1451,1293,1250,840,492,486,479,477,471,467,455,448,447,445,443,443,443,423,420,409,397,395
189,4511,1715,1715,1700,1677,1648,1633,1335,1276,1250,1235,807,485,483,481,473,472,458,447,420,420,420,416,395,391,360,356,-322,-348,-360
190,4511,3256,2255,2071,2050,1723,1723,1671,1628,1621,1578,1526,1430,1283,1272,1250,849,807,637,485,483,470,421,420,420,420,-255,-318,-346,-374
191,4511,4278,2841,2041,1723,1723,1685,1680,1651,1611,1593,1416,1286,1272,1250,495,478,476,467,460,443,406,397,145,-305,-305,-322,-346,-388,-388
192,4511,2841,2826,2243,2237,2206,1734,1723,1723,1723,1723,1700,1670,1639,1611,1545,865,862,483,462,458,445,438,427,420,420,405,402,259,-378
193,4511,3602,2133,1739,1734,1723,1723,1721,1689,1651,1639,1611,1611,1550,1524,1405,800,502,486,481,473,469,449,445,420,420,-305,-305,-327,-367
194,4511,3612,2228,2228,1739,1723,1723,1723,1713,1649,1611,1611,1611,1513,751,485,472,466,461,459,459,444,443,438,433,420,420,407,-305,-353
195,4511,1758,1734,1734,1592,1570,1528,1404,1328,764,488,485,485,484,481,478,464,453,443,436,430,429,427,406,390,347,341,-314,-327,-360
196,4511,3832,2258,1798,1754,1723,1723,1723,1668,1656,1611,1611,1592,1400,1269,835,501,443,443,443,418,417,416,-220,-305,-305,-317,-346,-388,-399
197,4511,3612,2809,2269,2132,1725,1664,1656,1345,1275,751,489,479,472,468,458,454,449,443,443,429,426,426,421,420,401,-25,-333,-337,-388
198,4511,3890,3608,2265,2222,2154,2080,1754,1693,1664,1345,1306,493,491,481,479,461,450,446,443,420,414,408,397,-321,-339,-346,-360,-374,-388
199,4511,3185,2216,1809,1743,1714,1685,1592,1518,1322,1306,1098,489,483,481,459,459,455,430,418,415,404,-313,-317,-328,-346,-360,-388,-388,-388
200,4511,2234,2121,1816,1748,1723,1723,1723,1651,1611,1292,924,764,501,483,465,461,451,443,420,396,206,-291,-313,-320,-324,-324,-346,-369,-388
201,4511,3618,2206,1707,1706,1616,1445,1343,1304,751,732,696,501,501,501,484,482,482,480,465,443,427,426,420,404,312,229,-327,-327,-388
202,4511,2771,2243,2238,2234,2149,1870,1778,1772,1765,1729,1721,1693,1693,1656,1414,1384,1300,1292,777,501,489,452,443,424,393,387,-305,-317,-396
203,4511,3855,3609,3152,2179,2174,1923,1778,1719,1706,1677,1274,1230,845,772,497,488,488,486,482,461,457,449,422,404,353,293,-319,-388,-416
204,4511,2170,1875,1734,1719,1698,1682,1671,1659,1639,1425,1355,1306,1286,1191,727,520,494,487,487,476,472,461,446,443,433,420,-314,-324,-324
205,4511,2809,2154,1778,1734,1723,1721,1617,1417,1275,905,843,793,496,492,490,476,475,473,472,470,457,443,427,405,323,278,-321,-333,-361
206,4511,3148,2238,2208,2036,1734,1729,1698,1417,1306,1266,863,751,488,484,478,476,474,463,459,455,454,424,420,416,411,384,361,143,-327
207,4511,2786,2143,1750,1749,1728,1723,1714,1714,1713,1691,1687,1365,751,751,751,556,490,489,489,484,482,463,458,443,433,420,415,-327,-388
208,4511,3194,2243,1659,1649,1611,1278,857,751,680,522,494,475,457,456,450,449,445,444,420,420,420,418,413,401,342,-309,-324,-388,-388
209,4511,2868,2193,1723,1723,1714,1670,1661,1651,1611,1611,1393,1340,1278,1278,855,807,761,482,474,461,461,443,436,426,420,393,232,-353,-388
210,4511,2265,1734,1707,1691,1677,1652,1616,1611,1599,1358,1286,1229,843,793,494,491,481,477,476,471,468,463,454,443,443,436,420,411,-328
211,4511,1728,1723,1707,1651,1642,1631,1574,1399,1295,1286,857,857,798,498,484,483,482,474,471,456,449,427,420,420,416,395,-2,-270,-305
212,4511,2833,1769,1605,1547,1416,1315,1286,1286,1286,1264,1263,1243,1043,857,857,857,857,798,793,793,483,477,472,449,443,420,393,372,-333
213,4511,1729,1671,1372,1328,1286,1286,1264,1264,1196,857,798,503,501,498,482,481,472,471,469,463,450,442,438,413,409,-310,-333,-376,-388
214,4511,3580,2222,2207,2186,2001,1749,1700,1642,1602,1372,1353,1291,1252,857,793,501,500,496,473,448,444,425,420,398,187,108,-353,-354,-369
215,4511,2803,1784,1778,1734,1734,1731,1713,1649,1649,1627,1625,1580,1557,1313,1279,857,798,499,490,487,485,478,443,443,420,-19,-254,-353,-493
216,4511,3548,1973,1734,1723,1650,1628,1286,1283,1279,1257,857,821,495,485,480,480,475,469,453,443,439,420,420,406,395,-313,-353,-354,-388
217,4511,1728,1712,1707,1685,1672,1544,1063,857,793,501,490,486,486,477,472,470,468,454,451,444,443,443,437,420,420,405,-263,-313,-493
218,4511,2852,2255,2244,2228,2206,2183,1734,1655,1644,1287,1276,1274,1271,1269,857,493,481,479,462,452,449,443,424,420,420,414,399,-388,-388
219,4511,3570,2238,2230,2115,1772,1689,1651,1269,1001,963,846,504,490,482,480,468,467,466,461,461,443,430,428,-210,-295,-337,-353,-388,-388
220,4543,4511,4093,2852,2117,1740,1700,1689,1664,1557,1227,957,501,492,489,489,489,461,461,431,420,405,400,342,328,102,-305,-305,-416,-493
221,4543,3040,2818,2226,2222,2207,2187,1730,1728,1703,1700,1693,1671,1663,1630,1047,843,490,468,465,458,445,443,443,400,395,395,387,-305,-309
222,4543,1865,1743,1721,1677,1580,1445,1309,1300,1252,1191,997,846,484,483,478,476,458,443,439,424,420,412,387,330,320,230,-50,-317,-317
223,4543,2238,2238,1772,1743,1743,1682,1680,1643,1636,1250,653,469,468,465,456,445,443,427,420,330,307,141,137,-39,-173,-293,-305,-310,-321
224,4543,1751,1734,1677,1283,1129,981,667,575,484,478,478,476,470,461,459,455,453,446,443,417,414,406,402,392,253,-158,-310,-388,-396
225,4543,2033,1743,1743,1733,1715,1714,1643,1345,875,639,588,569,486,482,476,468,461,455,450,444,443,420,387,333,-305,-305,-310,-339,-388
226,4543,2240,2192,2175,1734,1721,1707,1693,1677,1651,1516,1429,1287,501,481,467,461,449,449,444,360,214,-296,-302,-313,-317,-317,-324,-327,-388
227,4569,4543,2156,1777,1751,1734,1715,1700,1661,1637,1633,1557,1291,1291,860,494,486,468,463,457,457,451,448,448,447,427,420,420,404,-2
228,3881,3640,2258,1988,1734,1714,1698,1684,1366,850,839,836,776,761,584,492,490,442,434,420,416,413,387,383,311,295,-248,-305,-305,-312
229,3881,2068,1806,1706,1605,1583,1474,1286,1257,1190,999,998,977,968,771,640,501,477,454,443,443,443,420,420,420,387,139,102,-318,-374
230,3829,1779,1686,1328,1308,1276,1275,894,892,880,849,847,846,771,761,672,485,485,471,467,461,447,420,391,-305,-305,-305,-318,-388,-416
231,3829,2264,1806,1626,1278,1193,891,855,846,807,643,463,461,460,458,448,443,441,432,431,429,420,406,358,342,319,199,-305,-388,-411
232,3829,3186,2267,1721,1685,1651,1648,1373,1291,1284,1278,1271,1235,925,863,539,491,484,482,479,449,442,421,415,377,363,335,-305,-309,-339
233,3829,2178,2050,1713,1651,1629,1379,1343,1334,1243,862,495,484,483,480,479,473,471,465,462,458,444,438,436,420,412,407,-290,-387,-411
234,3829,2255,1754,1746,1697,1555,1328,1300,1284,857,496,487,487,483,479,461,457,456,426,420,420,415,409,353,-291,-305,-313,-316,-317,-406
235,3829,3600,3170,2277,2255,2105,2014,1754,1754,1743,1672,1659,1343,1328,1286,499,493,490,489,480,476,463,448,420,407,406,318,-321,-324,-324
236,3829,3752,3158,2861,2277,2264,2242,1739,1649,1634,1629,1587,1361,1361,1269,806,751,496,488,487,467,465,464,456,449,428,424,420,420,420
237,3829,2869,2193,2166,1743,1651,1644,1587,1322,1292,1292,1283,841,501,498,496,485,473,470,468,466,459,452,428,420,420,397,-66,-313,-318
238,3612,2077,1743,1737,1689,1651,1637,1634,1633,1551,1414,1297,1278,1274,1224,500,488,478,477,476,459,448,445,431,422,420,420,420,420,-290
239,3829,2876,1795,1719,1685,1657,1634,1611,1355,1297,1278,1278,1266,1218,1019,951,498,481,480,470,463,456,451,449,446,420,-40,-369,-378,-396
240,3832,3220,2870,2200,2004,1735,1734,1723,1700,1680,1656,1633,1611,1271,1254,804,645,619,488,474,467,466,459,450,448,446,420,417,386,-327
241,3830,2283,2215,2157,2107,1735,1691,1639,1364,1300,759,747,486,470,459,459,453,450,450,446,437,427,420,404,118,-138,-322,-333,-360,-388
242,3830,3613,3131,2966,2245,2222,2200,1806,1763,1735,1730,1728,1432,1306,1291,1278,1274,1254,782,478,466,449,445,433,429,420,341,154,-353,-388
243,3831,3099,2284,2262,2230,2042,1754,1751,1740,1661,1621,1621,1484,1361,1340,1183,525,507,476,473,459,439,426,420,420,420,404,401,156,-339
244,3619,3618,2255,2234,1746,1698,1691,1687,1651,1651,1633,1533,1442,1295,843,800,493,491,480,471,470,453,444,438,430,411,396,190,-29,-327
245,3878,3619,2793,2250,2245,2245,2234,2141,1719,1691,1631,1616,1548,1548,1172,874,858,486,482,480,462,453,450,407,393,156,-66,-318,-353,-388
246,3633,3524,2853,2186,2139,1730,1697,1613,1601,1291,1283,1235,855,849,825,765,487,486,480,479,479,477,472,468,457,456,442,405,398,-322
247,3847,3113,1784,1692,1691,1677,1667,1274,1264,1254,1220,847,810,481,479,478,472,472,471,470,463,458,443,437,420,420,406,-327,-388,-388
248,3847,2245,2026,1975,1656,1656,1639,1432,1318,1283,1274,1266,1220,1220,948,850,829,493,473,456,455,440,429,377,310,276,-209,-250,-317,-338
249,1790,1784,1685,1651,1634,1595,1355,1264,1220,762,504,503,501,477,461,449,449,443,435,427,420,408,401,395,362,331,180,-317,-353,-388
250,3852,3847,2825,2148,2105,1685,1685,1669,1661,1661,1639,1628,1532,1295,1292,1286,1283,1220,990,965,754,501,488,484,456,454,421,420,405,-311
251,3852,2245,2072,1754,1656,1628,1626,1616,1616,1456,1365,1284,1276,1271,1266,1264,506,493,467,461,443,426,420,420,393,-290,-294,-313,-317,-388
252,3887,2139,2021,1664,1656,1640,1626,1625,1401,1348,1304,1284,1266,1259,850,849,830,771,499,498,483,476,459,443,409,384,-33,-277,-294,-367
253,4120,3814,3112,2829,2051,1740,1735,1725,1685,1677,1661,1649,1530,1421,1274,1254,771,501,480,473,470,456,455,445,401,379,-206,-294,-337,-493
254,3852,2234,2167,1795,1754,1719,1691,1680,1345,1276,1274,1243,481,470,444,405,392,387,376,334,149,-69,-69,-294,-294,-294,-310,-322,-388,-388
255,3852,3827,3592,2256,2230,2222,2186,1772,1730,1691,1685,1618,1329,1321,1286,1266,1254,888,488,486,476,447,443,441,440,421,357,-175,-295,-311
256,3852,3590,1753,1740,1712,1693,1647,1610,1595,1582,1518,1358,1350,1295,1291,1286,1220,1209,1031,839,814,503,491,489,476,458,446,420,-312,-388
257,3887,2071,2012,1730,1714,1668,1365,1360,1329,1306,1292,1291,1116,848,843,830,819,504,501,500,492,491,474,461,452,282,155,119,-159,-353
258,3887,3106,3040,2035,1772,1757,1754,1739,1729,1625,1409,1315,1286,1254,1243,486,483,472,467,463,454,448,415,402,383,376,366,266,156,-388
259,3852,3557,2274,2274,1784,1739,1691,1648,1648,1264,1263,1254,506,504,500,443,420,413,411,379,163,95,-158,-216,-293,-317,-322,-324,-324,-337
260,3852,1739,1714,1707,1688,1680,1633,1628,1361,1300,506,504,494,492,486,486,482,477,458,455,453,440,439,437,420,415,395,395,-255,-353
261,3852,3619,2880,2035,1762,1751,1739,1734,1671,1389,1387,1365,1361,1200,855,752,529,512,500,492,490,487,460,458,454,443,413,404,175,-71
262,3852,3124,2269,1784,1774,1661,1519,1424,1358,1306,1243,1243,959,855,497,490,486,480,455,443,436,424,420,406,158,-227,-269,-310,-369,-388
263,3887,2093,1689,1685,1656,1394,1358,1350,1334,1284,1266,1209,855,506,500,499,497,495,493,473,468,452,442,438,420,394,385,-353,-353,-382
264,4598,3852,3443,1735,1734,1659,1536,1358,1354,1350,1284,1283,1220,1218,932,814,501,497,497,496,469,457,450,448,444,405,-128,-255,-312,-353
265,3842,3641,2245,2206,2010,1739,1707,1700,1685,1685,1626,1597,1518,1365,1286,1279,501,492,483,454,450,448,445,442,416,413,411,-285,-312,-388
266,4598,3618,2826,1750,1719,1707,1700,1626,1576,1409,1338,1338,1322,1292,1284,1235,820,501,500,500,497,494,493,455,452,448,442,437,-312,-332
267,4279,3606,2848,1739,1723,1714,1700,1652,1322,1306,1300,1284,1276,1243,814,789,502,483,462,460,455,453,449,443,413,411,100,-312,-312,-360
268,4297,4279,1730,1730,1725,1714,1662,1649,1597,1565,1307,1286,1284,1272,857,828,504,504,468,453,444,432,405,401,401,401,-290,-346,-361,-396
269,2864,1778,1730,1685,1651,1626,1605,1582,1351,1304,1286,1286,1284,1283,1134,857,857,791,498,495,486,480,480,476,467,453,447,414,405,401
270,2864,2270,2154,1911,1783,1677,1599,1561,1322,1306,1291,1287,1264,855,801,640,504,501,499,491,485,478,474,461,450,446,423,419,411,-367
271,1787,1774,1721,1693,1676,1651,1624,1618,1599,1579,1373,1304,1287,1286,1286,1274,799,733,490,489,483,479,472,466,429,420,393,205,-310,-353
272,1787,1740,1728,1721,1700,1691,1677,1646,1628,1603,1566,1547,1361,1328,1188,505,500,500,491,488,454,450,442,442,420,420,413,407,193,-310
273,1787,1739,1661,1654,1651,1643,1620,1616,1459,1274,1272,1235,1209,1209,1126,1022,495,495,491,481,480,476,456,434,401,80,-205,-310,-314,-314
274,3151,1787,1754,1743,1712,1685,1649,1628,1628,1401,1306,1283,1282,1282,1272,1271,568,490,485,449,448,440,415,399,393,211,-232,-310,-314,-314
275,3831,1743,1671,1651,1571,1340,1283,1264,1115,853,826,499,494,492,483,479,475,472,471,463,462,449,446,434,406,387,370,270,141,-321
276,3151,2255,1739,1664,1630,1625,1602,1571,1358,1283,496,494,494,481,453,450,446,434,432,429,423,420,420,419,401,393,-65,-347,-421,-421
277,3151,2255,2183,1721,1596,1351,1349,1345,1286,1283,1280,854,495,495,495,493,492,483,472,453,448,447,439,438,433,433,429,-314,-388,-421
278,3151,2014,1740,1740,1707,1689,1677,1485,1291,1286,1283,1254,1163,857,853,506,500,492,491,491,473,453,449,436,429,405,390,-54,-290,-306
279,3831,3032,2240,2221,1779,1707,1297,1286,1282,1282,1282,853,839,508,499,492,479,473,472,461,454,453,453,423,115,-139,-293,-313,-318,-387
280,3831,1698,1308,1286,1282,1282,1269,503,502,499,496,496,492,492,491,489,483,477,476,475,473,471,470,448,390,238,8,-241,-388,-388
281,3831,3133,2255,2212,1730,1668,1437,1313,1308,1306,1283,1283,1282,853,503,497,495,493,490,489,489,469,450,433,420,272,-336,-388,-388,-388
282,3151,2255,1751,1740,1714,1693,1671,1632,1520,1350,1308,1306,1306,1283,1282,1275,853,853,853,506,503,497,489,484,473,449,404,390,390,-290
283,3151,2212,1744,1606,1572,1300,1282,1274,1264,1254,853,843,771,502,495,489,489,489,486,481,480,479,440,428,420,407,406,386,-293,-378
284,3817,3151,2193,1707,1698,1691,1689,1687,1687,1677,1671,1611,1360,1292,1283,853,853,621,492,490,490,484,475,470,469,439,416,387,-313,-314
285,3817,2825,1737,1707,1687,1651,1624,1611,1295,1286,1283,1282,1282,1272,751,496,495,488,472,471,469,468,453,440,421,309,-290,-333,-388,-418
286,2840,2825,2212,1758,1678,1609,1306,1305,1282,793,751,487,483,480,478,477,477,472,468,467,449,441,441,432,424,405,119,-201,-290,-303
287,3832,2255,1779,1721,1698,1698,1656,1625,1306,1300,1274,1012,832,764,501,486,476,474,472,468,468,467,467,455,453,453,452,448,410,-396
288,4088,1693,1691,1671,1651,1648,1624,1301,1286,1283,1274,1200,853,835,751,751,497,489,487,453,448,445,440,424,419,-32,-37,-75,-293,-324
289,3613,2840,2825,2093,1671,1661,1650,1650,1614,1564,1315,1306,1300,1283,1274,1243,894,761,507,501,489,474,461,456,445,444,444,375,337,-297
290,3884,3843,3623,2226,2222,1783,1698,1646,1624,1579,1436,1345,1306,1295,1283,1282,1269,1093,764,764,495,492,482,459,452,443,-27,-290,-314,-321
291,3639,3631,2848,2245,1719,1707,1689,1661,1651,1625,1624,1624,1624,1329,1300,1300,1295,988,856,564,478,474,460,424,382,183,166,-208,-285,-293
292,3615,3208,2848,2222,1793,1698,1697,1693,1656,1624,1611,734,498,496,489,488,484,472,460,452,441,411,347,-179,-208,-290,-290,-290,-290,-290
293,3639,3540,2200,1707,1698,1698,1653,1624,1385,1308,497,496,496,496,484,471,469,467,454,454,448,443,442,426,422,419,416,394,-293,-332
294,3628,2837,2234,2170,1798,1730,1719,1698,1674,1671,1661,1350,1345,1322,1279,843,839,839,825,823,471,468,439,419,418,409,-208,-290,-290,-353
295,3615,2234,1751,1725,1698,1697,1653,1295,1291,1282,1279,1275,1275,1271,1243,830,498,497,493,489,484,484,470,467,457,443,439,421,420,-310
296,3639,2848,1707,1707,1634,1625,1568,1399,1355,1343,1291,1282,1200,917,814,496,495,495,491,484,472,461,461,449,443,443,415,393,-208,-290
297,3639,1769,1744,1687,1596,1421,1355,1284,892,759,489,486,486,478,478,459,448,439,429,420,420,410,390,-290,-293,-293,-293,-293,-297,-312
298,3639,2215,2213,1754,1691,1691,1678,1661,1648,1633,1617,1612,1292,1089,853,843,751,751,500,493,487,475,435,406,-193,-256,-290,-293,-293,-321
299,3850,3639,3068,2848,2280,2222,2200,2105,1933,1758,1687,1677,1661,1651,1535,1491,1345,1343,846,499,495,489,455,455,454,443,439,420,339,-290
300,3850,3548,2795,2222,1758,1721,1685,1661,1649,1642,1633,1633,1628,1628,1621,1599,1549,1291,1287,501,492,485,484,482,478,478,423,420,-290,-328
301,3850,3315,2848,2229,2226,1715,1707,1685,1651,1639,1629,1341,1338,1271,497,494,490,488,486,481,461,461,457,448,415,387,325,154,-290,-293
302,3850,2833,2020,1962,1758,1721,1721,1715,1698,1693,1680,1661,1625,1275,493,485,482,478,461,443,443,443,443,428,406,-293,-296,-311,-312,-313
303,3850,2817,2256,2226,2159,1783,1751,1715,1707,1698,1691,1689,1685,1685,1685,1680,1625,1408,1355,1315,1291,761,494,489,485,471,461,395,14,-290
304,3850,3628,2819,2067,1789,1697,1677,1634,1625,1620,1590,1358,487,484,483,477,473,469,454,450,444,443,443,423,-290,-293,-293,-313,-319,-360
305,3850,3627,2067,1916,1789,1751,1743,1735,1735,1698,1615,1607,1605,1540,761,501,499,483,457,457,454,454,452,439,420,367,-293,-293,-309,-348
306,4118,2254,1806,1740,1737,1698,1698,1695,1625,1598,1365,1271,1220,1218,835,814,680,490,489,487,474,467,463,460,457,445,-32,-311,-313,-332
307,4077,3850,1737,1733,1728,1715,1707,1700,1698,1695,1625,1612,1611,1503,1275,854,761,501,484,484,472,458,443,430,429,427,-83,-293,-293,-406
308,4077,3063,1739,1728,1698,1651,1648,1633,1631,1611,1609,1593,1369,1353,1304,1292,1269,1257,1254,1218,814,802,477,469,455,453,-229,-304,-313,-339
309,4077,3813,2969,1749,1739,1713,1706,1698,1686,1685,1659,1617,1358,1330,1292,1275,1257,1235,933,893,780,484,484,470,465,459,447,443,417,-354
310,4077,2222,2115,1749,1721,1713,1700,1698,1686,1636,1283,1035,846,484,476,471,466,462,458,449,445,431,417,412,379,156,-132,-313,-388,-388
311,4077,4077,3596,3596,2234,2211,1671,1601,1595,1286,1269,1084,814,498,492,484,484,477,476,462,460,446,440,437,421,402,364,-140,-157,-313
312,4077,3606,3076,2186,2064,1806,1806,1750,1742,1740,1734,1730,1728,1700,1698,1617,1610,1345,872,499,492,474,435,418,415,394,339,-113,-324,-439
313,4077,3076,2278,1723,1691,1687,1671,1642,1409,1345,1292,1286,1264,1254,1254,850,811,793,488,467,456,446,443,377,203,111,-38,-300,-321,-321
314,4077,2718,1733,1723,1599,1597,1345,1271,1266,850,846,488,468,464,459,449,447,447,433,427,420,407,405,44,-32,-231,-293,-388,-406,-416
315,4077,2255,2244,2222,2174,1821,1749,1740,1730,1661,1617,1611,1537,1365,1315,533,487,466,465,450,446,435,433,420,420,406,405,405,303,-361
316,4077,2235,2208,1778,1740,1728,1677,1554,1360,1315,1278,1275,846,519,459,459,444,443,443,443,441,433,430,420,410,397,332,-169,-317,-324
317,4077,3559,2256,2255,1730,1723,1689,1677,1657,1549,1487,1365,1358,1315,1275,846,846,496,488,484,475,472,470,433,429,397,321,197,-157,-339
318,4077,2176,1983,1954,1772,1763,1735,1685,1677,1668,1656,1570,1508,1355,1271,813,496,486,471,468,462,434,427,420,420,340,71,-143,-317,-321
319,4077,1983,1763,1750,1721,1711,1700,1654,1627,1621,1554,1365,1291,1254,850,480,468,454,444,443,443,443,426,421,410,380,358,-309,-321,-321
320,4077,2096,1778,1758,1715,1707,1706,1700,1538,1503,1286,793,666,619,487,477,471,465,462,450,443,443,426,423,405,259,167,-301,-317,-396
321,4077,2142,1680,1617,1583,1369,1313,1313,1301,1236,1148,850,815,671,478,475,472,462,458,454,448,446,443,435,425,406,-286,-321,-321,-332
322,4077,3596,2154,1758,1740,1691,1687,1668,1639,1263,1200,996,850,758,485,482,466,443,443,443,443,426,420,406,392,385,309,113,-312,-327
323,4077,3832,2240,1750,1697,1671,1646,1643,1486,1377,1275,1250,854,834,771,686,491,487,486,480,448,443,443,443,443,443,320,248,-321,-321
